Date,Views
2023-03-15,0
2023-03-16,0
2023-03-17,0
2023-03-18,0
2023-03-19,0
2023-03-20,0
2023-03-21,0
2023-03-22,0
2023-03-23,0
2023-03-24,0
2023-03-25,0
2023-03-26,0
2023-03-27,0
2023-03-28,0
2023-03-29,0
2023-03-30,0
2023-03-31,0
2023-04-01,0
2023-04-02,0
2023-04-03,0
2023-04-04,0
2023-04-05,0
2023-04-06,0
2023-04-07,0
2023-04-08,0
2023-04-09,0
2023-04-10,0
2023-04-11,0
2023-04-12,0
2023-04-13,0
2023-04-14,0
2023-04-15,0
2023-04-16,0
2023-04-17,0
2023-04-18,0
2023-04-19,0
2023-04-20,0
2023-04-21,0
2023-04-22,0
2023-04-23,0
2023-04-24,0
2023-04-25,0
2023-04-26,0
2023-04-27,0
2023-04-28,0
2023-04-29,0
2023-04-30,0
2023-05-01,0
2023-05-02,0
2023-05-03,0
2023-05-04,0
2023-05-05,0
2023-05-06,0
2023-05-07,0
2023-05-08,0
2023-05-09,0
2023-05-10,0
2023-05-11,0
2023-05-12,0
2023-05-13,0
2023-05-14,0
2023-05-15,0
2023-05-16,0
2023-05-17,0
2023-05-18,0
2023-05-19,0
2023-05-20,0
2023-05-21,0
2023-05-22,0
2023-05-23,0
2023-05-24,0
2023-05-25,0
2023-05-26,0
2023-05-27,0
2023-05-28,0
2023-05-29,0
2023-05-30,0
2023-05-31,0
2023-06-01,0
2023-06-02,0
2023-06-03,0
2023-06-04,0
2023-06-05,0
2023-06-06,0
2023-06-07,0
2023-06-08,0
2023-06-09,0
2023-06-10,0
2023-06-11,0
2023-06-12,0
2023-06-13,0
2023-06-14,0
2023-06-15,0
2023-06-16,0
2023-06-17,0
2023-06-18,0
2023-06-19,0
2023-06-20,0
2023-06-21,0
2023-06-22,0
2023-06-23,0
2023-06-24,0
2023-06-25,0
2023-06-26,0
2023-06-27,0
2023-06-28,0
2023-06-29,0
2023-06-30,0
2023-07-01,0
2023-07-02,0
2023-07-03,0
2023-07-04,0
2023-07-05,0
2023-07-06,0
2023-07-07,0
2023-07-08,0
2023-07-09,0
2023-07-10,0
2023-07-11,0
2023-07-12,0
2023-07-13,0
2023-07-14,0
2023-07-15,0
2023-07-16,0
2023-07-17,0
2023-07-18,0
2023-07-19,0
2023-07-20,0
2023-07-21,0
2023-07-22,0
2023-07-23,0
2023-07-24,0
2023-07-25,0
2023-07-26,0
2023-07-27,0
2023-07-28,0
2023-07-29,0
2023-07-30,0
2023-07-31,0
2023-08-01,0
2023-08-02,0
2023-08-03,0
2023-08-04,0
2023-08-05,0
2023-08-06,0
2023-08-07,0
2023-08-08,0
2023-08-09,0
2023-08-10,0
2023-08-11,0
2023-08-12,0
2023-08-13,0
2023-08-14,0
2023-08-15,0
2023-08-16,0
2023-08-17,0
2023-08-18,0
2023-08-19,0
2023-08-20,0
2023-08-21,0
2023-08-22,0
2023-08-23,0
2023-08-24,0
2023-08-25,0
2023-08-26,0
2023-08-27,0
2023-08-28,0
2023-08-29,0
2023-08-30,0
2023-08-31,0
2023-09-01,0
2023-09-02,0
2023-09-03,0
2023-09-04,0
2023-09-05,0
2023-09-06,0
2023-09-07,0
2023-09-08,0
2023-09-09,0
2023-09-10,0
2023-09-11,0
2023-09-12,0
2023-09-13,0
2023-09-14,0
2023-09-15,0
2023-09-16,0
2023-09-17,0
2023-09-18,0
2023-09-19,0
2023-09-20,0
2023-09-21,0
2023-09-22,0
2023-09-23,0
2023-09-24,0
2023-09-25,0
2023-09-26,0
2023-09-27,0
2023-09-28,0
2023-09-29,0
2023-09-30,0
2023-10-01,0
2023-10-02,0
2023-10-03,0
2023-10-04,0
2023-10-05,0
2023-10-06,0
2023-10-07,0
2023-10-08,0
2023-10-09,0
2023-10-10,0
2023-10-11,0
2023-10-12,0
2023-10-13,0
2023-10-14,0
2023-10-15,0
2023-10-16,0
2023-10-17,0
2023-10-18,0
2023-10-19,0
2023-10-20,0
2023-10-21,0
2023-10-22,0
2023-10-23,0
2023-10-24,0
2023-10-25,0
2023-10-26,0
2023-10-27,0
2023-10-28,0
2023-10-29,0
2023-10-30,0
2023-10-31,0
2023-11-01,0
2023-11-02,0
2023-11-03,0
2023-11-04,0
2023-11-05,0
2023-11-06,0
2023-11-07,0
2023-11-08,0
2023-11-09,0
2023-11-10,0
2023-11-11,0
2023-11-12,0
2023-11-13,0
2023-11-14,0
2023-11-15,0
2023-11-16,0
2023-11-17,0
2023-11-18,0
2023-11-19,0
2023-11-20,0
2023-11-21,0
2023-11-22,0
2023-11-23,0
2023-11-24,0
2023-11-25,0
2023-11-26,0
2023-11-27,0
2023-11-28,0
2023-11-29,0
2023-11-30,0
2023-12-01,0
2023-12-02,0
2023-12-03,0
2023-12-04,0
2023-12-05,0
2023-12-06,0
2023-12-07,0
2023-12-08,0
2023-12-09,0
2023-12-10,0
2023-12-11,0
2023-12-12,0
2023-12-13,0
2023-12-14,0
2023-12-15,0
2023-12-16,0
2023-12-17,0
2023-12-18,0
2023-12-19,0
2023-12-20,0
2023-12-21,0
2023-12-22,0
2023-12-23,0
2023-12-24,0
2023-12-25,0
2023-12-26,0
2023-12-27,0
2023-12-28,0
2023-12-29,0
2023-12-30,0
2023-12-31,0
2024-01-01,0
2024-01-02,0
2024-01-03,0
2024-01-04,0
2024-01-05,0
2024-01-06,0
2024-01-07,0
2024-01-08,0
2024-01-09,0
2024-01-10,0
2024-01-11,0
2024-01-12,0
2024-01-13,0
2024-01-14,0
2024-01-15,0
2024-01-16,0
2024-01-17,0
2024-01-18,0
2024-01-19,0
2024-01-20,0
2024-01-21,0
2024-01-22,0
2024-01-23,0
2024-01-24,0
2024-01-25,0
2024-01-26,0
2024-01-27,0
2024-01-28,0
2024-01-29,0
2024-01-30,0
2024-01-31,0
2024-02-01,0
2024-02-02,0
2024-02-03,0
2024-02-04,0
2024-02-05,0
2024-02-06,0
2024-02-07,0
2024-02-08,0
2024-02-09,0
2024-02-10,0
2024-02-11,0
2024-02-12,4
2024-02-13,1
2024-02-14,1
2024-02-15,174
2024-02-16,46
2024-02-17,31
2024-02-18,4
2024-02-19,538
2024-02-20,45
2024-02-21,94
2024-02-22,18
2024-02-23,247
2024-02-24,5
2024-02-25,7
2024-02-26,4
2024-02-27,4
2024-02-28,7
2024-02-29,8
2024-03-01,4
2024-03-02,13
2024-03-03,20
2024-03-04,10
2024-03-05,7
2024-03-06,20
2024-03-07,18
2024-03-08,8
2024-03-09,9
2024-03-10,7
2024-03-11,40
2024-03-12,10
2024-03-13,9
2024-03-14,6
2024-03-15,6
2024-03-16,4
2024-03-17,6
2024-03-18,3
2024-03-19,7
2024-03-20,10
2024-03-21,10
2024-03-22,10
2024-03-23,5
2024-03-24,4
2024-03-25,7
2024-03-26,2
2024-03-27,3
2024-03-28,4
2024-03-29,7
2024-03-30,3
2024-03-31,3
2024-04-01,11
2024-04-02,11
2024-04-03,5
2024-04-04,3
2024-04-05,6
2024-04-06,13
2024-04-07,5
2024-04-08,0
2024-04-09,6
2024-04-10,2
2024-04-11,406
2024-04-12,65
2024-04-13,15
2024-04-14,327
2024-04-15,129
2024-04-16,19
2024-04-17,17
2024-04-18,43
2024-04-19,50
2024-04-20,47
2024-04-21,54
2024-04-22,14
2024-04-23,204
2024-04-24,120
2024-04-25,206
2024-04-26,25
2024-04-27,581
2024-04-28,34
2024-04-29,474
2024-04-30,26
2024-05-01,31
2024-05-02,12
2024-05-03,4
2024-05-04,38
2024-05-05,34
2024-05-06,89
2024-05-07,508
2024-05-08,53
2024-05-09,195
2024-05-10,190
2024-05-11,248
2024-05-12,56
2024-05-13,37
2024-05-14,29
2024-05-15,27
2024-05-16,14
2024-05-17,159
2024-05-18,337
2024-05-19,338
2024-05-20,160
2024-05-21,170
2024-05-22,49
2024-05-23,24
2024-05-24,19
2024-05-25,37
2024-05-26,68
2024-05-27,79
2024-05-28,77
2024-05-29,134
2024-05-30,114
2024-05-31,48
2024-06-01,61
2024-06-02,95
2024-06-03,76
2024-06-04,48
2024-06-05,39
2024-06-06,27
2024-06-07,43
2024-06-08,52
2024-06-09,39
2024-06-10,44
2024-06-11,17
2024-06-12,11
2024-06-13,14
2024-06-14,13
2024-06-15,16
2024-06-16,23
2024-06-17,10
2024-06-18,10
2024-06-19,24
2024-06-20,22
2024-06-21,4
2024-06-22,21
2024-06-23,165
2024-06-24,39
2024-06-25,6
2024-06-26,30
2024-06-27,26
2024-06-28,32
2024-06-29,29
2024-06-30,42
2024-07-01,104
2024-07-02,98
2024-07-03,90
2024-07-04,45
2024-07-05,59
2024-07-06,25
2024-07-07,112
2024-07-08,54
2024-07-09,90
2024-07-10,37
2024-07-11,36
2024-07-12,22
2024-07-13,133
2024-07-14,262
2024-07-15,276
2024-07-16,123
2024-07-17,80
2024-07-18,50
2024-07-19,567
2024-07-20,322
2024-07-21,122
2024-07-22,65
2024-07-23,117
2024-07-24,114
2024-07-25,182
2024-07-26,125
2024-07-27,150
2024-07-28,257
2024-07-29,229
2024-07-30,107
2024-07-31,101
2024-08-01,118
2024-08-02,137
2024-08-03,187
2024-08-04,157
2024-08-05,164
2024-08-06,295
2024-08-07,380
2024-08-08,152
2024-08-09,85
2024-08-10,139
2024-08-11,152
2024-08-12,103
2024-08-13,118
2024-08-14,94
2024-08-15,199
2024-08-16,84
2024-08-17,96
2024-08-18,186
2024-08-19,132
2024-08-20,83
2024-08-21,97
2024-08-22,131
2024-08-23,82
2024-08-24,144
2024-08-25,152
2024-08-26,100
2024-08-27,122
2024-08-28,138
2024-08-29,129
2024-08-30,112
2024-08-31,82
2024-09-01,167
2024-09-02,161
2024-09-03,143
2024-09-04,166
2024-09-05,80
2024-09-06,120
2024-09-07,172
2024-09-08,268
2024-09-09,122
2024-09-10,118
2024-09-11,127
2024-09-12,53
2024-09-13,45
2024-09-14,24
2024-09-15,49
2024-09-16,102
2024-09-17,95
2024-09-18,147
2024-09-19,138
2024-09-20,71
2024-09-21,104
2024-09-22,72
2024-09-23,43
2024-09-24,71
2024-09-25,70
2024-09-26,60
2024-09-27,66
2024-09-28,61
2024-09-29,50
2024-09-30,135
2024-10-01,126
2024-10-02,96
2024-10-03,95
2024-10-04,86
2024-10-05,134
2024-10-06,82
2024-10-07,86
2024-10-08,59
2024-10-09,147
2024-10-10,152
2024-10-11,88
2024-10-12,114
2024-10-13,59
2024-10-14,72
2024-10-15,154
2024-10-16,860
2024-10-17,328
2024-10-18,99
2024-10-19,85
2024-10-20,116
2024-10-21,155
2024-10-22,138
2024-10-23,83
2024-10-24,108
2024-10-25,4576
2024-10-26,2373
2024-10-27,691
2024-10-28,294
2024-10-29,240
2024-10-30,144
2024-10-31,74
2024-11-01,77
2024-11-02,71
2024-11-03,99
2024-11-04,88
2024-11-05,50
2024-11-06,161
2024-11-07,256
2024-11-08,287
2024-11-09,104
2024-11-10,145
2024-11-11,136
2024-11-12,219
2024-11-13,265
2024-11-14,257
2024-11-15,75
2024-11-16,100
2024-11-17,222
2024-11-18,196
2024-11-19,250
2024-11-20,221
2024-11-21,197
2024-11-22,795
2024-11-23,817
2024-11-24,310
2024-11-25,77
2024-11-26,244
2024-11-27,282
2024-11-28,129
2024-11-29,91
2024-11-30,164
2024-12-01,663
2024-12-02,282
2024-12-03,868
2024-12-04,343
2024-12-05,234
2024-12-06,211
2024-12-07,198
2024-12-08,279
2024-12-09,196
2024-12-10,193
2024-12-11,250
2024-12-12,232
2024-12-13,130
2024-12-14,397
2024-12-15,707
2024-12-16,148
2024-12-17,126
2024-12-18,141
2024-12-19,118
2024-12-20,83
2024-12-21,159
2024-12-22,152
2024-12-23,387
2024-12-24,249
2024-12-25,208
2024-12-26,187
2024-12-27,156
2024-12-28,94
2024-12-29,157
2024-12-30,140
2024-12-31,175
2025-01-01,174
2025-01-02,297
2025-01-03,255
2025-01-04,308
2025-01-05,173
2025-01-06,380
2025-01-07,1250
2025-01-08,839
2025-01-09,489
2025-01-10,427
2025-01-11,310
2025-01-12,250
2025-01-13,208
2025-01-14,204
2025-01-15,499
2025-01-16,179
2025-01-17,98
2025-01-18,62
2025-01-19,272
2025-01-20,450
2025-01-21,433
2025-01-22,219
2025-01-23,127
2025-01-24,90
2025-01-25,62
2025-01-26,65
2025-01-27,69
2025-01-28,57
2025-01-29,114
2025-01-30,331
2025-01-31,652
2025-02-01,415
2025-02-02,249
2025-02-03,259
2025-02-04,302
2025-02-05,434
2025-02-06,417
2025-02-07,607
2025-02-08,1517
2025-02-09,1154
2025-02-10,354
2025-02-11,546
2025-02-12,363
2025-02-13,390
2025-02-14,310
2025-02-15,254
2025-02-16,197
2025-02-17,324
2025-02-18,239
2025-02-19,244
2025-02-20,372
2025-02-21,624
2025-02-22,359
2025-02-23,634
2025-02-24,396
2025-02-25,247
2025-02-26,296
2025-02-27,506
2025-02-28,209
2025-03-01,176
2025-03-02,337
2025-03-03,311
2025-03-04,206
2025-03-05,272
2025-03-06,489
2025-03-07,270
2025-03-08,190
2025-03-09,138
2025-03-10,171
2025-03-11,329
2025-03-12,372
2025-03-13,128
2025-03-14,96
2025-03-15,93
2025-03-16,561
2025-03-17,394
2025-03-18,249
2025-03-19,84
2025-03-20,102
2025-03-21,659
2025-03-22,836
2025-03-23,230
2025-03-24,107
2025-03-25,94
2025-03-26,599
2025-03-27,2103
2025-03-28,611
2025-03-29,291
2025-03-30,140
2025-03-31,130
2025-04-01,200
2025-04-02,150
2025-04-03,111
2025-04-04,458
2025-04-05,1201
2025-04-06,1044
2025-04-07,403
2025-04-08,204
2025-04-09,162
2025-04-10,127
2025-04-11,377
2025-04-12,468
2025-04-13,565
2025-04-14,300
2025-04-15,249
2025-04-16,205
2025-04-17,485
2025-04-18,382
2025-04-19,510
2025-04-20,274
2025-04-21,212
2025-04-22,155
2025-04-23,426
2025-04-24,234
2025-04-25,227
2025-04-26,204
2025-04-27,362
2025-04-28,132
2025-04-29,80
2025-04-30,91
2025-05-01,85
2025-05-02,87
2025-05-03,164
2025-05-04,305
2025-05-05,173
2025-05-06,131
2025-05-07,94
2025-05-08,226
2025-05-09,582
2025-05-10,412
2025-05-11,378
2025-05-12,76
2025-05-13,135
2025-05-14,81
2025-05-15,176
2025-05-16,248
2025-05-17,156
2025-05-18,240
2025-05-19,165
2025-05-20,272
2025-05-21,576
2025-05-22,770
2025-05-23,548
2025-05-24,561
2025-05-25,533
2025-05-26,261
2025-05-27,251
2025-05-28,227
2025-05-29,206
2025-05-30,150
2025-05-31,130
2025-06-01,319
2025-06-02,174
2025-06-03,75
2025-06-04,95
2025-06-05,90
2025-06-06,197
2025-06-07,165
2025-06-08,391
2025-06-09,137
2025-06-10,202
2025-06-11,338
2025-06-12,178
2025-06-13,149
2025-06-14,105
2025-06-15,235
2025-06-16,104
2025-06-17,81
2025-06-18,96
2025-06-19,72
2025-06-20,64
2025-06-21,63
2025-06-22,224
2025-06-23,113
2025-06-24,88
2025-06-25,89
2025-06-26,183
2025-06-27,113
2025-06-28,86
2025-06-29,145
2025-06-30,100
2025-07-01,282
2025-07-02,208
2025-07-03,142
2025-07-04,119
2025-07-05,98
2025-07-06,256
2025-07-07,132
2025-07-08,115
2025-07-09,214
2025-07-10,209
2025-07-11,124
2025-07-12,505
2025-07-13,216
2025-07-14,1798
2025-07-15,166
2025-07-16,331
2025-07-17,211
2025-07-18,108
2025-07-19,212
2025-07-20,383
2025-07-21,195
2025-07-22,102
2025-07-23,166
2025-07-24,222
2025-07-25,1729
2025-07-26,194
2025-07-27,1447
2025-07-28,136
2025-07-29,117
2025-07-30,150
2025-07-31,2651
2025-08-01,994
2025-08-02,92
2025-08-03,165
2025-08-04,140
2025-08-05,88
2025-08-06,64
2025-08-07,55
2025-08-08,167
2025-08-09,120
2025-08-10,202
2025-08-11,132
2025-08-12,191
2025-08-13,130
2025-08-14,138
2025-08-15,72
2025-08-16,91
2025-08-17,320
2025-08-18,244
2025-08-19,140
2025-08-20,138
2025-08-21,276
2025-08-22,142
2025-08-23,83
2025-08-24,239
2025-08-25,93
2025-08-26,396
2025-08-27,99
2025-08-28,133
2025-08-29,115
2025-08-30,134
2025-08-31,180
2025-09-01,105
2025-09-02,85
2025-09-03,97
2025-09-04,152
2025-09-05,64
2025-09-06,128
2025-09-07,114
2025-09-08,101
2025-09-09,144
2025-09-10,124
2025-09-11,79
2025-09-12,52
2025-09-13,98
2025-09-14,145
2025-09-15,82
2025-09-16,56
2025-09-17,72
2025-09-18,56
2025-09-19,94
2025-09-20,73
2025-09-21,139
2025-09-22,212
2025-09-23,127
2025-09-24,118
2025-09-25,109
2025-09-26,165
2025-09-27,128
2025-09-28,301
2025-09-29,390
2025-09-30,228
2025-10-01,115
2025-10-02,109
2025-10-03,108
2025-10-04,118
2025-10-05,183
2025-10-06,195
2025-10-07,82
2025-10-08,122
2025-10-09,61
2025-10-10,78
2025-10-11,49
2025-10-12,145
2025-10-13,43
2025-10-14,46
2025-10-15,45
2025-10-16,27
2025-10-17,23
2025-10-18,56
2025-10-19,165
2025-10-20,44
2025-10-21,45
2025-10-22,53
2025-10-23,50
2025-10-24,43
2025-10-25,551
2025-10-26,666
2025-10-27,60
2025-10-28,59
2025-10-29,40
2025-10-30,38
2025-10-31,23
2025-11-01,49
2025-11-02,110
2025-11-03,34
2025-11-04,50
2025-11-05,59
2025-11-06,104
2025-11-07,72
2025-11-08,74
2025-11-09,161
2025-11-10,34
2025-11-11,95
2025-11-12,131
2025-11-13,132
2025-11-14,103
2025-11-15,75
2025-11-16,187
2025-11-17,74
2025-11-18,101
2025-11-19,78
2025-11-20,93
2025-11-21,74
2025-11-22,75
2025-11-23,150
2025-11-24,42
2025-11-25,72
2025-11-26,50
2025-11-27,50
2025-11-28,84
2025-11-29,115
2025-11-30,107
2025-12-01,79
2025-12-02,263
2025-12-03,125
2025-12-04,1774
2025-12-05,162
2025-12-06,112
2025-12-07,190
2025-12-08,83
2025-12-09,132
2025-12-10,95
2025-12-11,102
2025-12-12,94
2025-12-13,114
2025-12-14,120
2025-12-15,123
2025-12-16,106
2025-12-17,83
2025-12-18,123
2025-12-19,78
2025-12-20,62
2025-12-21,155
2025-12-22,70
2025-12-23,34
2025-12-24,278
2025-12-25,68
2025-12-26,54
2025-12-27,48
2025-12-28,126
2025-12-29,109
2025-12-30,121
2025-12-31,101
2026-01-01,95
2026-01-02,3263
2026-01-03,5251
2026-01-04,669
2026-01-05,3495
2026-01-06,3155
2026-01-07,1428
2026-01-08,5687
2026-01-09,2605
2026-01-10,1943
2026-01-11,2743
2026-01-12,298
2026-01-13,3805
2026-01-14,2125
2026-01-15,143
2026-01-16,1029
2026-01-17,1468
2026-01-18,520
2026-01-19,1700
2026-01-20,425
2026-01-21,165
2026-01-22,165
2026-01-23,90
2026-01-24,108
2026-01-25,194
2026-01-26,87
2026-01-27,53
2026-01-28,185
2026-01-29,91
2026-01-30,99
2026-01-31,74
2026-02-01,130
2026-02-02,82
2026-02-03,155
2026-02-04,111
2026-02-05,95
2026-02-06,99
2026-02-07,145
2026-02-08,245
2026-02-09,199
2026-02-10,123
2026-02-11,61
2026-02-12,81
2026-02-13,348
2026-02-14,390
2026-02-15,339
2026-02-16,157
2026-02-17,141
2026-02-18,121
2026-02-19,137
2026-02-20,204
2026-02-21,93
2026-02-22,213
2026-02-23,267
2026-02-24,222
2026-02-25,208
2026-02-26,192
2026-02-27,200
2026-02-28,68
2026-03-01,210
2026-03-02,95
2026-03-03,251
2026-03-04,113
2026-03-05,96
2026-03-06,94
2026-03-07,58
2026-03-08,322
2026-03-09,80
2026-03-10,81
2026-03-11,172
2026-03-12,71
2026-03-13,64
2026-03-14,55
2026-03-15,237
2026-03-16,573
2026-03-17,385
2026-03-18,114
2026-03-19,64
2026-03-20,59
2026-03-21,73
2026-03-22,128
2026-03-23,78
2026-03-24,135
2026-03-25,91
2026-03-26,69
2026-03-27,66
2026-03-28,83
2026-03-29,87
2026-03-30,86
2026-03-31,454
2026-04-01,90
2026-04-02,108
2026-04-03,93
2026-04-04,62
2026-04-05,115
2026-04-06,101
2026-04-07,86
2026-04-08,50
2026-04-09,85
2026-04-10,40
2026-04-11,49
2026-04-12,125
2026-04-13,111
2026-04-14,91
2026-04-15,88
2026-04-16,64
2026-04-17,47
2026-04-18,36
2026-04-19,122
2026-04-20,33
2026-04-21,108
2026-04-22,56
2026-04-23,63
2026-04-24,93
2026-04-25,77
2026-04-26,104
2026-04-27,51
2026-04-28,74
2026-04-29,61
2026-04-30,38
2026-05-01,67
2026-05-02,65
2026-05-03,257
2026-05-04,83
2026-05-05,100
2026-05-06,65
2026-05-07,44
2026-05-08,71
2026-05-09,57
2026-05-10,98
2026-05-11,94
2026-05-12,38
2026-05-13,47
2026-05-14,58
2026-05-15,72
2026-05-16,38
2026-05-17,133
2026-05-18,47
2026-05-19,63
2026-05-20,43
2026-05-21,32
2026-05-22,113
2026-05-23,79
2026-05-24,101
2026-05-25,65
2026-05-26,43
2026-05-27,78
2026-05-28,89
2026-05-29,75
2026-05-30,46
2026-05-31,70
2026-06-01,39
2026-06-02,108
2026-06-03,104
2026-06-04,118
2026-06-05,124
2026-06-06,70
2026-06-07,65
2026-06-08,58
2026-06-09,68
2026-06-10,41
2026-06-11,24
2026-06-12,45
2026-06-13,48
2026-06-14,76
2026-06-15,54
2026-06-16,63
2026-06-17,37
2026-06-18,48
2026-06-19,42
2026-06-20,69
2026-06-21,122
2026-06-22,46
2026-06-23,41
